﻿designator,quantity,value,pack,mpn,mount_type
"A1, A2",2,Arduino_UNO_R3,Arduino_UNO_R3,,tht
"C1, C10, C11, C12, C13, C14, C15, C16, C3, C6, C7, C8, C9",13,100n,C_0805_2012Metric_Pad1.18x1.45mm_HandSolder,,smt
"C17, C18, C19, C20, C21, C22",6,NL,C_0805_2012Metric_Pad1.18x1.45mm_HandSolder,,smt
C2,1,100u,CP_Radial_D5.0mm_P2.50mm,,tht
C4,1,C,C_0805_2012Metric_Pad1.18x1.45mm_HandSolder,,smt
C5,1,10u,CP_Radial_D5.0mm_P2.50mm,,tht
"D1, D11, D12, D13, D14, D15, D16, D2, D21, D3, D4, D5, D6, D7, D8, D9",16,D,D_SOD-123,,smt
D10,1,5V,LED_0805_2012Metric_Pad1.15x1.40mm_HandSolder,,smt
"D17, D18, D19, D20",4,LED,LED_0805_2012Metric_Pad1.15x1.40mm_HandSolder,,smt
D22,1,APA102,LED_RGB_5050-6,,smt
"D23, D26, D28, D30, D32, D34, D36, D38, D40, D42, D44, D46, D48, D50",14,D_Zener,D_SOD-123,,smt
D63,1,US1G,D_SMA,,smt
F1,1,Fuse,Fuseholder_Clip-5x20mm_Littelfuse_445-030_Inline_P20.50x5.20mm_D1.30mm_Horizontal,,tht
J1,1,ADC,IDC-Header_2x10_P2.54mm_Horizontal,,tht
J10,1,I2C,Molex_KK-254_1x04_P2.54mm_Horizontal,,tht
J11,1,SERVO3,PinHeader_1x03_P2.54mm_Vertical,,tht
J12,1,SERVO4,PinHeader_1x03_P2.54mm_Vertical,,tht
J13,1,Power OUT,"TerminalBlock_Phoenix_MKDS-1,5-2-5.08_1x02_P5.08mm_Horizontal",,tht
J2,1,BATT,Amass_XT60PW-M_Kombifootprint,,tht
J3,1,PWR SW,PinHeader_1x02_P2.54mm_Vertical,,tht
J4,1,Screw_Terminal_01x04,TerminalBlock_bornier-4_P5.08mm,,tht
J5,1,SERVO1,PinHeader_1x03_P2.54mm_Vertical,,tht
J6,1,ULTRA,Molex_KK-254_1x04_P2.54mm_Horizontal,,tht
J7,1,ENC1,Molex_KK-254_AE-6410-04A_1x04_P2.54mm_Vertical,,tht
J8,1,SERVO2,PinHeader_1x03_P2.54mm_Vertical,,tht
J9,1,ENC2,Molex_KK-254_AE-6410-04A_1x04_P2.54mm_Vertical,,tht
"JP1, JP2, JP3, JP4, JP5, JP6",6,SolderJumper_2_Open,SolderJumper-2_P1.3mm_Open_RoundedPad1.0x1.5mm,,tht
Q1,1,Q_PMOS_GDS,SOT-223-3_TabPin2,,smt
Q2,1,2N7002DWK,SOT-363_SC-70-6_Handsoldering,,smt
Q3,1,Q_PMOS_GDS,SOT-323_SC-70_Handsoldering,,smt
"Q5, Q6",2,SSM3J356R,SOT-23-3,,smt
R1,1,10k,R_0805_2012Metric_Pad1.20x1.40mm_HandSolder,,smt
"R10, R11, R12, R13, R14, R15",6,0,R_0603_1608Metric,,smt
"R16, R17, R18, R19, R20, R21, R22, R23, R24, R25, R26, R27, R28, R29",14,R,R_0805_2012Metric,,smt
"R2, R3",2,0R15,R_1206_3216Metric_Pad1.30x1.75mm_HandSolder,,smt
R4,1,150R,R_0805_2012Metric_Pad1.20x1.40mm_HandSolder,,smt
R5,1,2K5,R_0805_2012Metric_Pad1.20x1.40mm_HandSolder,,smt
"R6, R7",2,100R,R_0805_2012Metric_Pad1.20x1.40mm_HandSolder,,smt
"R8, R9",2,1K,R_0805_2012Metric_Pad1.20x1.40mm_HandSolder,,smt
"RN1, RN3",2,10K,R_Array_Convex_4x0603,,smt
"RN2, RN4",2,10k,R_Array_Convex_4x0603,,smt
SW1,1,PWR SW,SW_E-Switch_EG2219_DPDT_Angled,,tht
SW2,1,SW_DIP_x01,SW_DIP_SPSTx01_Slide_9.78x4.72mm_W8.61mm_P2.54mm,,smt
U1,1,4077,SOIC-14_3.9x8.7mm_P1.27mm,,smt
U2,1,NCP1117-5.0_SOT223,SOT-223-3_TabPin2,,smt
U3,1,L298P,SOIC127P1420X360-21N,,smt
U4,1,LMV331,SOT-23-5,,smt
U5,1,LMV358,SOIC-8_3.9x4.9mm_P1.27mm,,smt
