﻿pos_x,pos_y,rotation,side,designator,mpn,pack,value,mount_type,place
135.244237,-82.099621,0.0,bottom,A1,,Arduino_UNO_R3,Arduino_UNO_R3,tht,True
135.24755,-73.439779,0.0,bottom,A2,,Arduino_UNO_R3,Arduino_UNO_R3,tht,True
151.13,-46.5035,90.0,top,C1,,C_0805_2012Metric_Pad1.18x1.45mm_HandSolder,100n,smt,True
110.089151,-60.524113,90.0,top,C10,,C_0805_2012Metric_Pad1.18x1.45mm_HandSolder,100n,smt,True
163.195,-47.625,180.0,top,C11,,C_0805_2012Metric_Pad1.18x1.45mm_HandSolder,100n,smt,True
158.75,-61.468,90.0,top,C12,,C_0805_2012Metric_Pad1.18x1.45mm_HandSolder,100n,smt,True
158.75,-47.625,180.0,top,C13,,C_0805_2012Metric_Pad1.18x1.45mm_HandSolder,100n,smt,True
172.085,-47.625,180.0,top,C14,,C_0805_2012Metric_Pad1.18x1.45mm_HandSolder,100n,smt,True
136.525,-91.44,180.0,top,C15,,C_0805_2012Metric_Pad1.18x1.45mm_HandSolder,100n,smt,True
146.05,-59.69,0.0,top,C16,,C_0805_2012Metric_Pad1.18x1.45mm_HandSolder,100n,smt,True
158.75,-78.74,90.0,bottom,C17,,C_0805_2012Metric_Pad1.18x1.45mm_HandSolder,NL,smt,True
161.29,-78.74,90.0,bottom,C18,,C_0805_2012Metric_Pad1.18x1.45mm_HandSolder,NL,smt,True
163.83,-78.74,90.0,bottom,C19,,C_0805_2012Metric_Pad1.18x1.45mm_HandSolder,NL,smt,True
121.349888,-71.755,0.0,top,C2,,CP_Radial_D5.0mm_P2.50mm,100u,tht,True
166.37,-78.74,90.0,bottom,C20,,C_0805_2012Metric_Pad1.18x1.45mm_HandSolder,NL,smt,True
168.91,-78.74,90.0,bottom,C21,,C_0805_2012Metric_Pad1.18x1.45mm_HandSolder,NL,smt,True
171.45,-78.74,90.0,bottom,C22,,C_0805_2012Metric_Pad1.18x1.45mm_HandSolder,NL,smt,True
137.541,-44.45,180.0,top,C3,,C_0805_2012Metric_Pad1.18x1.45mm_HandSolder,100n,smt,True
131.445,-78.105,-90.0,top,C4,,C_0805_2012Metric_Pad1.18x1.45mm_HandSolder,C,smt,True
127.699888,-71.755,0.0,top,C5,,CP_Radial_D5.0mm_P2.50mm,10u,tht,True
148.463,-79.756,180.0,top,C6,,C_0805_2012Metric_Pad1.18x1.45mm_HandSolder,100n,smt,True
158.75,-50.8,-90.0,top,C7,,C_0805_2012Metric_Pad1.18x1.45mm_HandSolder,100n,smt,True
100.056,-31.75,0.0,top,C8,,C_0805_2012Metric_Pad1.18x1.45mm_HandSolder,100n,smt,True
167.64,-47.625,180.0,top,C9,,C_0805_2012Metric_Pad1.18x1.45mm_HandSolder,100n,smt,True
158.114487,-85.386182,90.0,bottom,D1,,D_SOD-123,D,smt,True
123.952,-95.123,-90.0,top,D10,,LED_0805_2012Metric_Pad1.15x1.40mm_HandSolder,5V,smt,True
114.3,-48.224418,0.0,top,D11,,D_SOD-123,D,smt,True
119.38,-48.224418,0.0,top,D12,,D_SOD-123,D,smt,True
114.3,-43.144418,0.0,top,D13,,D_SOD-123,D,smt,True
119.38,-43.144418,0.0,top,D14,,D_SOD-123,D,smt,True
114.3,-38.064418,0.0,top,D15,,D_SOD-123,D,smt,True
119.38,-38.064418,0.0,top,D16,,D_SOD-123,D,smt,True
105.926813,-53.273619,180.0,top,D17,,LED_0805_2012Metric_Pad1.15x1.40mm_HandSolder,LED,smt,True
105.926813,-48.193619,180.0,top,D18,,LED_0805_2012Metric_Pad1.15x1.40mm_HandSolder,LED,smt,True
105.926813,-43.113619,180.0,top,D19,,LED_0805_2012Metric_Pad1.15x1.40mm_HandSolder,LED,smt,True
160.654487,-85.386182,90.0,bottom,D2,,D_SOD-123,D,smt,True
105.926813,-38.033619,180.0,top,D20,,LED_0805_2012Metric_Pad1.15x1.40mm_HandSolder,LED,smt,True
137.17905,-79.43501,180.0,top,D21,,D_SOD-123,D,smt,True
136.525,-95.885,180.0,top,D22,,LED_RGB_5050-6,APA102,smt,True
170.83701,-30.091355,90.0,bottom,D23,,D_SOD-123,D_Zener,smt,True
168.236779,-30.050662,90.0,bottom,D26,,D_SOD-123,D_Zener,smt,True
165.720908,-30.066686,90.0,bottom,D28,,D_SOD-123,D_Zener,smt,True
163.194487,-85.386182,90.0,bottom,D3,,D_SOD-123,D,smt,True
152.995981,-30.022174,90.0,bottom,D30,,D_SOD-123,D_Zener,smt,True
148.991311,-30.05056,90.0,bottom,D32,,D_SOD-123,D_Zener,smt,True
146.34231,-30.024446,90.0,bottom,D34,,D_SOD-123,D_Zener,smt,True
163.208108,-30.045812,90.0,bottom,D36,,D_SOD-123,D_Zener,smt,True
160.649319,-30.03869,90.0,bottom,D38,,D_SOD-123,D_Zener,smt,True
118.11,-70.485,90.0,top,D4,,D_SOD-123,D,smt,True
158.120986,-30.03869,90.0,bottom,D40,,D_SOD-123,D_Zener,smt,True
143.813976,-30.031568,90.0,bottom,D42,,D_SOD-123,D_Zener,smt,True
141.330276,-30.03077,90.0,bottom,D44,,D_SOD-123,D_Zener,smt,True
138.798381,-30.03077,90.0,bottom,D46,,D_SOD-123,D_Zener,smt,True
155.538559,-30.029296,90.0,bottom,D48,,D_SOD-123,D_Zener,smt,True
165.734487,-85.386182,90.0,bottom,D5,,D_SOD-123,D,smt,True
136.31456,-30.015824,90.0,bottom,D50,,D_SOD-123,D_Zener,smt,True
168.274487,-85.386182,90.0,bottom,D6,,D_SOD-123,D,smt,True
120.65,-81.28,-90.0,top,D63,,D_SMA,US1G,smt,True
170.814487,-85.386182,90.0,bottom,D7,,D_SOD-123,D,smt,True
114.3,-53.304418,0.0,top,D8,,D_SOD-123,D,smt,True
119.38,-53.304418,0.0,top,D9,,D_SOD-123,D,smt,True
95.16,-80.403077,0.0,top,F1,,Fuseholder_Clip-5x20mm_Littelfuse_445-030_Inline_P20.50x5.20mm_D1.30mm_Horizontal,Fuse,tht,True
170.151585,-89.596933,-90.0,top,J1,,IDC-Header_2x10_P2.54mm_Horizontal,ADC,tht,True
161.90759,-69.951676,90.0,top,J10,,Molex_KK-254_1x04_P2.54mm_Horizontal,I2C,tht,True
158.75,-39.37,0.0,top,J11,,PinHeader_1x03_P2.54mm_Vertical,SERVO3,tht,True
172.085,-39.385,0.0,top,J12,,PinHeader_1x03_P2.54mm_Vertical,SERVO4,tht,True
103.09628,-68.282318,-90.0,top,J13,,"TerminalBlock_Phoenix_MKDS-1,5-2-5.08_1x02_P5.08mm_Horizontal",Power OUT,tht,True
104.552105,-91.44,90.0,top,J2,,Amass_XT60PW-M_Kombifootprint,BATT,tht,True
111.123327,-75.597237,90.0,top,J3,,PinHeader_1x02_P2.54mm_Vertical,PWR SW,tht,True
99.088406,-38.1,-90.0,top,J4,,TerminalBlock_bornier-4_P5.08mm,Screw_Terminal_01x04,tht,True
167.64,-39.37,0.0,top,J5,,PinHeader_1x03_P2.54mm_Vertical,SERVO1,tht,True
161.925,-58.42,90.0,top,J6,,Molex_KK-254_1x04_P2.54mm_Horizontal,ULTRA,tht,True
99.06,-27.285,0.0,top,J7,,Molex_KK-254_AE-6410-04A_1x04_P2.54mm_Vertical,ENC1,tht,True
163.195,-39.37,0.0,top,J8,,PinHeader_1x03_P2.54mm_Vertical,SERVO2,tht,True
106.842249,-60.744622,180.0,top,J9,,Molex_KK-254_AE-6410-04A_1x04_P2.54mm_Vertical,ENC2,tht,True
153.035,-37.465,-90.0,bottom,JP1,,SolderJumper-2_P1.3mm_Open_RoundedPad1.0x1.5mm,SolderJumper_2_Open,tht,True
148.59,-37.465,-90.0,bottom,JP2,,SolderJumper-2_P1.3mm_Open_RoundedPad1.0x1.5mm,SolderJumper_2_Open,tht,True
140.97,-37.465,-90.0,bottom,JP3,,SolderJumper-2_P1.3mm_Open_RoundedPad1.0x1.5mm,SolderJumper_2_Open,tht,True
136.525,-37.465,-90.0,bottom,JP4,,SolderJumper-2_P1.3mm_Open_RoundedPad1.0x1.5mm,SolderJumper_2_Open,tht,True
152.979334,-68.422141,-90.0,bottom,JP5,,SolderJumper-2_P1.3mm_Open_RoundedPad1.0x1.5mm,SolderJumper_2_Open,tht,True
155.519334,-68.437141,-90.0,bottom,JP6,,SolderJumper-2_P1.3mm_Open_RoundedPad1.0x1.5mm,SolderJumper_2_Open,tht,True
113.03,-69.215,90.0,top,Q1,,SOT-223-3_TabPin2,Q_PMOS_GDS,smt,True
142.875,-70.289,180.0,top,Q2,,SOT-363_SC-70-6_Handsoldering,2N7002DWK,smt,True
137.16,-70.389,180.0,top,Q3,,SOT-323_SC-70_Handsoldering,Q_PMOS_GDS,smt,True
141.681435,-76.91419,0.0,top,Q5,,SOT-23-3,SSM3J356R,smt,True
145.901784,-76.926257,180.0,top,Q6,,SOT-23-3,SSM3J356R,smt,True
117.475,-76.2,180.0,top,R1,,R_0805_2012Metric_Pad1.20x1.40mm_HandSolder,10k,smt,True
160.633192,-85.013902,90.0,top,R10,,R_0603_1608Metric,0,smt,True
163.142177,-85.013902,90.0,top,R11,,R_0603_1608Metric,0,smt,True
165.693637,-85.013902,90.0,top,R12,,R_0603_1608Metric,0,smt,True
168.238465,-85.013902,90.0,top,R13,,R_0603_1608Metric,0,smt,True
170.819135,-85.013902,90.0,top,R14,,R_0603_1608Metric,0,smt,True
158.059154,-85.013902,90.0,top,R15,,R_0603_1608Metric,0,smt,True
170.845155,-29.391279,-90.0,top,R16,,R_0805_2012Metric,R,smt,True
168.241017,-29.402295,-90.0,top,R17,,R_0805_2012Metric,R,smt,True
165.719823,-29.391279,-90.0,top,R18,,R_0805_2012Metric,R,smt,True
153.040242,-29.391279,-90.0,top,R19,,R_0805_2012Metric,R,smt,True
126.111,-64.135,180.0,top,R2,,R_1206_3216Metric_Pad1.30x1.75mm_HandSolder,0R15,smt,True
148.977459,-29.391279,-90.0,top,R20,,R_0805_2012Metric,R,smt,True
146.410967,-29.391279,-90.0,top,R21,,R_0805_2012Metric,R,smt,True
163.191968,-29.391279,-90.0,top,R22,,R_0805_2012Metric,R,smt,True
160.657116,-29.391279,-90.0,top,R23,,R_0805_2012Metric,R,smt,True
158.103503,-29.391279,-90.0,top,R24,,R_0805_2012Metric,R,smt,True
143.877592,-29.391279,-90.0,top,R25,,R_0805_2012Metric,R,smt,True
141.344217,-29.391279,-90.0,top,R26,,R_0805_2012Metric,R,smt,True
138.827392,-29.391279,-90.0,top,R27,,R_0805_2012Metric,R,smt,True
155.579137,-29.391279,-90.0,top,R28,,R_0805_2012Metric,R,smt,True
136.277459,-29.391279,-90.0,top,R29,,R_0805_2012Metric,R,smt,True
125.984,-43.815,180.0,top,R3,,R_1206_3216Metric_Pad1.30x1.75mm_HandSolder,0R15,smt,True
123.952,-91.059,90.0,top,R4,,R_0805_2012Metric_Pad1.20x1.40mm_HandSolder,150R,smt,True
153.416,-70.739,0.0,top,R5,,R_0805_2012Metric_Pad1.20x1.40mm_HandSolder,2K5,smt,True
148.59,-70.739,180.0,top,R6,,R_0805_2012Metric_Pad1.20x1.40mm_HandSolder,100R,smt,True
142.884386,-79.63501,0.0,top,R7,,R_0805_2012Metric_Pad1.20x1.40mm_HandSolder,100R,smt,True
142.875,-56.515,-90.0,top,R8,,R_0805_2012Metric_Pad1.20x1.40mm_HandSolder,1K,smt,True
149.225,-56.515,-90.0,top,R9,,R_0805_2012Metric_Pad1.20x1.40mm_HandSolder,1K,smt,True
146.05,-56.515,-90.0,top,RN1,,R_Array_Convex_4x0603,10K,smt,True
154.917538,-77.020207,180.0,top,RN2,,R_Array_Convex_4x0603,10k,smt,True
112.395,-33.365418,-90.0,top,RN3,,R_Array_Convex_4x0603,10K,smt,True
137.415478,-76.45363,-90.0,top,RN4,,R_Array_Convex_4x0603,10k,smt,True
110.842096,-94.026688,0.0,top,SW1,,SW_E-Switch_EG2219_DPDT_Angled,PWR SW,tht,True
128.905,-92.71,-90.0,top,SW2,,SW_DIP_SPSTx01_Slide_9.78x4.72mm_W8.61mm_P2.54mm,SW_DIP_x01,smt,True
146.05,-49.276,0.0,top,U1,,SOIC-14_3.9x8.7mm_P1.27mm,4077,smt,True
126.365,-80.645,-90.0,top,U2,,SOT-223-3_TabPin2,NCP1117-5.0_SOT223,smt,True
132.08,-53.975,90.0,top,U3,,SOIC127P1420X360-21N,L298P,smt,True
150.102538,-76.870207,180.0,top,U4,,SOT-23-5,LMV331,smt,True
146.05,-63.5,0.0,top,U5,,SOIC-8_3.9x4.9mm_P1.27mm,LMV358,smt,True
