﻿designator,quantity,value,pack,mpn,mount_type
A1,1,Arduino_UNO_R3,Arduino_UNO_R3,,tht
"C1, C10, C11, C12, C13, C14, C15, C16, C17, C19, C7, C8, C9",13,100n,C_0805_2012Metric_Pad1.18x1.45mm_HandSolder,,smt
C18,1,10U,CP_Radial_D5.0mm_P2.50mm,,tht
C5,1,100u,CP_Radial_D5.0mm_P2.50mm,,tht
C6,1,C,C_0805_2012Metric_Pad1.18x1.45mm_HandSolder,,smt
"D10, D11, D16, D17, D18, D19, D2, D20, D21, D23, D4, D5, D6, D7, D8, D9",16,D,D_SOD-123,,smt
"D12, D13, D14, D15",4,LED,D_0805_2012Metric_Pad1.15x1.40mm_HandSolder,,smt
D22,1,APA102,LED_RGB_5050-6,,smt
D3,1,PWR,D_0805_2012Metric_Pad1.15x1.40mm_HandSolder,,smt
F1,1,Fuse,Fuseholder_Clip-5x20mm_Littelfuse_111_Lateral_P18.80x5.00mm_D1.17mm_Horizontal,,tht
J10,1,PWR,PinHeader_1x02_P2.54mm_Vertical,,tht
J11,1,Screw_Terminal_01x04,TerminalBlock_bornier-4_P5.08mm,,tht
J12,1,ULT,Molex_KK-254_AE-6410-04A_1x04_P2.54mm_Vertical,,tht
J13,1,I2C,Molex_KK-254_AE-6410-04A_1x04_P2.54mm_Vertical,,tht
J14,1,SERVO1,PinHeader_1x03_P2.54mm_Vertical,,tht
J15,1,SERVO2,PinHeader_1x03_P2.54mm_Vertical,,tht
J16,1,SERVO3,PinHeader_1x03_P2.54mm_Vertical,,tht
J17,1,ENC1,Molex_KK-254_AE-6410-04A_1x04_P2.54mm_Vertical,,tht
J18,1,ENC2,Molex_KK-254_AE-6410-04A_1x04_P2.54mm_Vertical,,tht
J19,1,Conn_01x20,IDC-Header_2x10_P2.54mm_Vertical,,tht
J20,1,SERVO4,PinHeader_1x03_P2.54mm_Vertical,,tht
J6,1,BATT,TerminalBlock_bornier-2_P5.08mm,,tht
"JP3, JP4, JP5, JP6, JP7, JP8",6,SolderJumper_2_Open,SolderJumper-2_P1.3mm_Open_RoundedPad1.0x1.5mm,,tht
Q4,1,Q_PMOS_GDS,SOT-223,,smt
"Q5, Q6, Q9",3,Q_PMOS_GDS,SOT-23,,smt
"Q7, Q8",2,Q_NMOS_GDS,SOT-323_SC-70_Handsoldering,,smt
R14,1,150R,R_0805_2012Metric_Pad1.20x1.40mm_HandSolder,,smt
"R15, R22, R23, R28, R30, R35",6,10k,R_0805_2012Metric_Pad1.20x1.40mm_HandSolder,,smt
"R16, R17",2,0R15,R_0805_2012Metric_Pad1.20x1.40mm_HandSolder,,smt
"R18, R20",2,1K,R_0805_2012Metric_Pad1.20x1.40mm_HandSolder,,smt
"R19, R21",2,10K,R_0805_2012Metric_Pad1.20x1.40mm_HandSolder,,smt
R29,1,100R,R_0805_2012Metric_Pad1.20x1.40mm_HandSolder,,smt
"R31, R32, R33, R34",4,R,R_0805_2012Metric_Pad1.20x1.40mm_HandSolder,,smt
RN1,1,10K,R_Array_Convex_4x0603,,smt
SW1,1,PWR,SW_E-Switch_EG2219_DPDT_Angled,,tht
SW2,1,SW_DIP_x01,SW_DIP_SPSTx01_Slide_9.78x4.72mm_W8.61mm_P2.54mm,,smt
U1,1,LMV331,SOT-23-5,,smt
U3,1,L7805,SOT-223-3_TabPin2,,smt
U5,1,4077,SOIC-16_3.9x9.9mm_P1.27mm,,smt
U6,1,L298P,SO-20-1EP_7.52x12.825mm_P1.27mm_EP6.045x12.09mm_Mask3.56x4.47mm,,smt
U7,1,LMV358,SOIC-8_3.9x4.9mm_P1.27mm,,smt
