﻿pos_x,pos_y,rotation,side,designator,mpn,pack,value,mount_type,place
133.985,-33.655,0.0,top,A1,,Arduino_UNO_R3,Arduino_UNO_R3,tht,True
163.9625,-69.215,90.0,top,C1,,C_0805_2012Metric_Pad1.18x1.45mm_HandSolder,100n,smt,True
180.27,-135.96,0.0,top,C10,,C_0805_2012Metric_Pad1.18x1.45mm_HandSolder,100n,smt,True
185.08,-123.92,0.0,top,C11,,C_0805_2012Metric_Pad1.18x1.45mm_HandSolder,100n,smt,True
185.08,-126.93,0.0,top,C12,,C_0805_2012Metric_Pad1.18x1.45mm_HandSolder,100n,smt,True
185.08,-129.94,0.0,top,C13,,C_0805_2012Metric_Pad1.18x1.45mm_HandSolder,100n,smt,True
185.08,-132.95,0.0,top,C14,,C_0805_2012Metric_Pad1.18x1.45mm_HandSolder,100n,smt,True
185.08,-135.96,0.0,top,C15,,C_0805_2012Metric_Pad1.18x1.45mm_HandSolder,100n,smt,True
189.89,-123.92,0.0,top,C16,,C_0805_2012Metric_Pad1.18x1.45mm_HandSolder,100n,smt,True
189.89,-126.93,0.0,top,C17,,C_0805_2012Metric_Pad1.18x1.45mm_HandSolder,100n,smt,True
199.199775,-132.24,0.0,top,C18,,CP_Radial_D5.0mm_P2.50mm,10U,tht,True
139.065,-52.705,90.0,top,C19,,C_0805_2012Metric_Pad1.18x1.45mm_HandSolder,100n,smt,True
199.199775,-125.69,0.0,top,C5,,CP_Radial_D5.0mm_P2.50mm,100u,tht,True
106.045,-70.2525,-90.0,top,C6,,C_0805_2012Metric_Pad1.18x1.45mm_HandSolder,C,smt,True
128.27,-45.72,0.0,top,C7,,C_0805_2012Metric_Pad1.18x1.45mm_HandSolder,100n,smt,True
180.27,-129.94,0.0,top,C8,,C_0805_2012Metric_Pad1.18x1.45mm_HandSolder,100n,smt,True
180.27,-132.95,0.0,top,C9,,C_0805_2012Metric_Pad1.18x1.45mm_HandSolder,100n,smt,True
90.425,-55.99,0.0,top,D10,,D_SOD-123,D,smt,True
90.425,-59.34,0.0,top,D11,,D_SOD-123,D,smt,True
108.975,-49.53,0.0,top,D12,,D_0805_2012Metric_Pad1.15x1.40mm_HandSolder,LED,smt,True
108.975,-52.57,0.0,top,D13,,D_0805_2012Metric_Pad1.15x1.40mm_HandSolder,LED,smt,True
108.975,-55.61,0.0,top,D14,,D_0805_2012Metric_Pad1.15x1.40mm_HandSolder,LED,smt,True
108.975,-58.65,0.0,top,D15,,D_0805_2012Metric_Pad1.15x1.40mm_HandSolder,LED,smt,True
148.59,-99.06,90.0,top,D16,,D_SOD-123,D,smt,True
151.94,-99.06,90.0,top,D17,,D_SOD-123,D,smt,True
155.29,-99.06,90.0,top,D18,,D_SOD-123,D,smt,True
158.75,-99.44,90.0,top,D19,,D_SOD-123,D,smt,True
117.22,-85.09,0.0,top,D2,,D_SOD-123,D,smt,True
162.1,-99.44,90.0,top,D20,,D_SOD-123,D,smt,True
165.45,-99.44,90.0,top,D21,,D_SOD-123,D,smt,True
133.49,-90.6,0.0,top,D22,,LED_RGB_5050-6,APA102,smt,True
153.3675,-69.215,0.0,top,D23,,D_SOD-123,D,smt,True
99.695,-80.645,0.0,top,D3,,D_0805_2012Metric_Pad1.15x1.40mm_HandSolder,PWR,smt,True
85.09,-49.53,0.0,top,D4,,D_SOD-123,D,smt,True
85.09,-52.88,0.0,top,D5,,D_SOD-123,D,smt,True
85.09,-56.23,0.0,top,D6,,D_SOD-123,D,smt,True
85.09,-59.58,0.0,top,D7,,D_SOD-123,D,smt,True
90.17,-49.53,0.0,top,D8,,D_SOD-123,D,smt,True
90.425,-52.64,0.0,top,D9,,D_SOD-123,D,smt,True
82.675,-98.465,0.0,top,F1,,Fuseholder_Clip-5x20mm_Littelfuse_111_Lateral_P18.80x5.00mm_D1.17mm_Horizontal,Fuse,tht,True
109.22,-85.09,90.0,top,J10,,PinHeader_1x02_P2.54mm_Vertical,PWR,tht,True
99.695,-46.355,-90.0,top,J11,,TerminalBlock_bornier-4_P5.08mm,Screw_Terminal_01x04,tht,True
107.95,-34.925,0.0,top,J12,,Molex_KK-254_AE-6410-04A_1x04_P2.54mm_Vertical,ULT,tht,True
120.015,-34.925,0.0,top,J13,,Molex_KK-254_AE-6410-04A_1x04_P2.54mm_Vertical,I2C,tht,True
162.56,-39.38,0.0,top,J14,,PinHeader_1x03_P2.54mm_Vertical,SERVO1,tht,True
167.005,-39.395,0.0,top,J15,,PinHeader_1x03_P2.54mm_Vertical,SERVO2,tht,True
171.45,-39.41,0.0,top,J16,,PinHeader_1x03_P2.54mm_Vertical,SERVO3,tht,True
99.695,-76.2,90.0,top,J17,,Molex_KK-254_AE-6410-04A_1x04_P2.54mm_Vertical,ENC1,tht,True
99.695,-40.005,90.0,top,J18,,Molex_KK-254_AE-6410-04A_1x04_P2.54mm_Vertical,ENC2,tht,True
145.415,-92.075,90.0,top,J19,,IDC-Header_2x10_P2.54mm_Vertical,Conn_01x20,tht,True
158.115,-39.385,0.0,top,J20,,PinHeader_1x03_P2.54mm_Vertical,SERVO4,tht,True
99.695,-85.725,-90.0,top,J6,,TerminalBlock_bornier-2_P5.08mm,BATT,tht,True
138.14,-133.275,0.0,top,JP3,,SolderJumper-2_P1.3mm_Open_RoundedPad1.0x1.5mm,SolderJumper_2_Open,tht,True
138.14,-136.825,0.0,top,JP4,,SolderJumper-2_P1.3mm_Open_RoundedPad1.0x1.5mm,SolderJumper_2_Open,tht,True
138.14,-140.375,0.0,top,JP5,,SolderJumper-2_P1.3mm_Open_RoundedPad1.0x1.5mm,SolderJumper_2_Open,tht,True
138.14,-143.925,0.0,top,JP6,,SolderJumper-2_P1.3mm_Open_RoundedPad1.0x1.5mm,SolderJumper_2_Open,tht,True
138.14,-147.475,0.0,top,JP7,,SolderJumper-2_P1.3mm_Open_RoundedPad1.0x1.5mm,SolderJumper_2_Open,tht,True
138.14,-151.025,0.0,top,JP8,,SolderJumper-2_P1.3mm_Open_RoundedPad1.0x1.5mm,SolderJumper_2_Open,tht,True
112.395,-77.47,0.0,top,Q4,,SOT-223,Q_PMOS_GDS,smt,True
147.985,-77.47,0.0,top,Q5,,SOT-23,Q_PMOS_GDS,smt,True
147.985,-73.66,0.0,top,Q6,,SOT-23,Q_PMOS_GDS,smt,True
200.01,-137.34,0.0,top,Q7,,SOT-323_SC-70_Handsoldering,Q_NMOS_GDS,smt,True
200.01,-140.99,0.0,top,Q8,,SOT-323_SC-70_Handsoldering,Q_NMOS_GDS,smt,True
148.2875,-69.215,0.0,top,Q9,,SOT-23,Q_PMOS_GDS,smt,True
94.25,-80.645,0.0,top,R14,,R_0805_2012Metric_Pad1.20x1.40mm_HandSolder,150R,smt,True
106.045,-78.105,90.0,top,R15,,R_0805_2012Metric_Pad1.20x1.40mm_HandSolder,10k,smt,True
116.84,-60.96,0.0,top,R16,,R_0805_2012Metric_Pad1.20x1.40mm_HandSolder,0R15,smt,True
116.57,-45.72,0.0,top,R17,,R_0805_2012Metric_Pad1.20x1.40mm_HandSolder,0R15,smt,True
121.65,-68.58,0.0,top,R18,,R_0805_2012Metric_Pad1.20x1.40mm_HandSolder,1K,smt,True
126.46,-68.58,0.0,top,R19,,R_0805_2012Metric_Pad1.20x1.40mm_HandSolder,10K,smt,True
125.46,-123.085,0.0,top,R20,,R_0805_2012Metric_Pad1.20x1.40mm_HandSolder,1K,smt,True
121.555,-71.12,0.0,top,R21,,R_0805_2012Metric_Pad1.20x1.40mm_HandSolder,10K,smt,True
126.365,-71.12,0.0,top,R22,,R_0805_2012Metric_Pad1.20x1.40mm_HandSolder,10k,smt,True
139.89,-123.085,0.0,top,R23,,R_0805_2012Metric_Pad1.20x1.40mm_HandSolder,10k,smt,True
144.7,-123.085,0.0,top,R28,,R_0805_2012Metric_Pad1.20x1.40mm_HandSolder,10k,smt,True
149.51,-123.085,0.0,top,R29,,R_0805_2012Metric_Pad1.20x1.40mm_HandSolder,100R,smt,True
125.46,-128.695,0.0,top,R30,,R_0805_2012Metric_Pad1.20x1.40mm_HandSolder,10k,smt,True
159.2475,-73.66,0.0,top,R31,,R_0805_2012Metric_Pad1.20x1.40mm_HandSolder,R,smt,True
164.0575,-73.66,0.0,top,R32,,R_0805_2012Metric_Pad1.20x1.40mm_HandSolder,R,smt,True
159.0725,-76.835,0.0,top,R33,,R_0805_2012Metric_Pad1.20x1.40mm_HandSolder,R,smt,True
163.8825,-76.835,0.0,top,R34,,R_0805_2012Metric_Pad1.20x1.40mm_HandSolder,R,smt,True
149.51,-128.695,0.0,top,R35,,R_0805_2012Metric_Pad1.20x1.40mm_HandSolder,10k,smt,True
107.315,-43.815,0.0,top,RN1,,R_Array_Convex_4x0603,10K,smt,True
108.4375,-90.5525,0.0,top,SW1,,SW_E-Switch_EG2219_DPDT_Angled,PWR,tht,True
124.46,-90.17,90.0,top,SW2,,SW_DIP_SPSTx01_Slide_9.78x4.72mm_W8.61mm_P2.54mm,SW_DIP_x01,smt,True
160.02,-69.215,0.0,top,U1,,SOT-23-5,LMV331,smt,True
111.76,-69.215,0.0,top,U3,,SOT-223-3_TabPin2,L7805,smt,True
134.05,-53.34,0.0,top,U5,,SOIC-16_3.9x9.9mm_P1.27mm,4077,smt,True
122.555,-53.34,90.0,top,U6,,SO-20-1EP_7.52x12.825mm_P1.27mm_EP6.045x12.09mm_Mask3.56x4.47mm,L298P,smt,True
123.825,-63.5,0.0,top,U7,,SOIC-8_3.9x4.9mm_P1.27mm,LMV358,smt,True
